n_classes,injected_noise_rate,true_noise_rate_mean,true_noise_rate_std,estimated_noise_rate_mean,estimated_noise_rate_std,issue_precision_mean,issue_recall_mean,oof_auroc_vs_clean_mean,class_sep
2,0.0,0.0,0.0,0.2816,0.0192540904744939,0.0,,0.71955824,0.3
2,0.05,0.0517333333333333,0.0019629909152447,0.3104666666666666,0.0112895231667831,0.1034942042532718,0.6197921241399502,0.7196784533333332,0.3
2,0.1,0.1034,0.001,0.3378666666666667,0.0111970234139852,0.194194656016312,0.6337874051872355,0.7172931733333333,0.3
2,0.15,0.1542,0.0024979991993593,0.3654666666666666,0.0182979051624314,0.2715853346073165,0.6430000479745533,0.71588384,0.3
2,0.2,0.2061333333333333,0.0031005375877955,0.3880666666666667,0.0135739947448543,0.3469208827742394,0.6527756902364032,0.714484,0.3
2,0.25,0.255,0.0039949968710876,0.4106666666666667,0.0136269341134876,0.4049729669947451,0.6518869698353434,0.7106554133333334,0.3
2,0.3,0.3047333333333333,0.0010263202878893,0.4297333333333333,0.0163466612289278,0.4590228015045846,0.6468718047389593,0.7065425599999999,0.3
2,0.35,0.3553333333333333,0.0033306655991458,0.4483999999999999,0.0186128987532839,0.5029573816941765,0.6343818776564638,0.6908247466666667,0.3
2,0.4,0.4037333333333333,0.0032145502536643,0.4568,0.0156089717790762,0.5361999312130902,0.6063119159322578,0.6676091733333333,0.3
2,0.45,0.4546666666666666,0.0088189190569668,0.4684,0.0233640749870393,0.5520429250993949,0.568206194975283,0.6177032000000001,0.3
2,0.5,0.5024000000000001,0.0098974744253268,0.4845333333333333,0.0397171667334583,0.5077237276185983,0.4873078720114335,0.5035506666666666,0.3
3,0.0,0.0,0.0,0.4018,0.0255992187380787,0.0,,0.7055902689744636,0.3
3,0.05,0.0517333333333333,0.0019629909152447,0.4089333333333333,0.0309892454463372,0.0844261727163929,0.6639242668228176,0.7058977534062398,0.3
3,0.1,0.1034,0.001,0.4198,0.0300206595530478,0.1637512127007516,0.6609814904362777,0.7045584883263708,0.3
3,0.15,0.1542,0.0024979991993593,0.4218,0.0196845116779665,0.2462325349555469,0.6727871080687869,0.7050854321731371,0.3
3,0.2,0.2061333333333333,0.0031005375877955,0.4293333333333333,0.0228817248767074,0.3157319452306961,0.6567230538692076,0.704435220434608,0.3
3,0.25,0.255,0.0039949968710876,0.4386,0.0215006976630992,0.375577297396961,0.6451367211961746,0.7026492016598289,0.3
3,0.3,0.3047333333333333,0.0010263202878893,0.4459333333333333,0.0149804316804734,0.4365312352461941,0.6378935196886073,0.6991080243802027,0.3
3,0.35,0.3553333333333333,0.0033306655991458,0.4494,0.0091148230920846,0.4902576680302591,0.6196564431521202,0.695947035061773,0.3
3,0.4,0.4037333333333333,0.0032145502536643,0.4642,0.0074484897798144,0.5355944670666223,0.6156113063574725,0.68855768575768,0.3
3,0.45,0.4546666666666666,0.0088189190569668,0.4639333333333333,0.0130619038938943,0.5863377727561999,0.5979350499425179,0.6830725706540859,0.3
3,0.5,0.5024000000000001,0.0098974744253268,0.4754666666666667,0.00075718777944,0.6262075537026254,0.5929130913788329,0.6711087459809502,0.3
4,0.0,0.0,0.0,0.3992666666666666,0.0139001199035595,0.0,,0.6703946311111112,0.3
4,0.05,0.0517333333333333,0.0019629909152447,0.4068666666666667,0.0140304430911262,0.0817942310985433,0.6434245840042941,0.6700965155555556,0.3
4,0.1,0.1034,0.001,0.4146,0.0120199833610533,0.1588385379492337,0.6364092546815057,0.6689480177777778,0.3
4,0.15,0.1542,0.0024979991993593,0.4227333333333333,0.0108744348512156,0.2276139447665287,0.6240414254830475,0.6664895466666666,0.3
4,0.2,0.2061333333333333,0.0031005375877955,0.4266666666666667,0.009544282756359,0.2941050588148394,0.6085326283028976,0.6637656888888889,0.3
4,0.25,0.255,0.0039949968710876,0.4299333333333333,0.0001154700538379,0.3595911565141169,0.6063197046545699,0.6637300977777778,0.3
4,0.3,0.3047333333333333,0.0010263202878893,0.4366666666666667,0.0010066445913694,0.4170911071152055,0.597665481864655,0.6584758399999999,0.3
4,0.35,0.3553333333333333,0.0033306655991458,0.4507333333333334,0.006312949653952,0.4623505066163337,0.5864573768023389,0.656601208888889,0.3
4,0.4,0.4037333333333333,0.0032145502536643,0.4457333333333333,0.0065309519469472,0.5147787807992961,0.5683877787070889,0.6520383644444444,0.3
4,0.45,0.4546666666666666,0.0088189190569668,0.4545999999999999,0.0052,0.5667608949457885,0.5665787505470868,0.6483992177777778,0.3
4,0.5,0.5024000000000001,0.0098974744253268,0.4605333333333333,0.0075797977105812,0.6075853148692966,0.5569950136258556,0.6385922133333334,0.3
2,0.0,0.0,0.0,0.0228,0.0141746252155039,0.0,,0.9726827733333336,1.0
2,0.05,0.0517333333333333,0.0019629909152447,0.0707999999999999,0.0105830052442583,0.611552181031334,0.818864978285268,0.9730267733333332,1.0
2,0.1,0.1034,0.001,0.1207333333333333,0.0091243264591603,0.7289464668875065,0.8464545028420671,0.97243776,1.0
2,0.15,0.1542,0.0024979991993593,0.1724666666666666,0.0118563625675556,0.7813713978537756,0.8709778879576259,0.9718563733333332,1.0
2,0.2,0.2061333333333333,0.0031005375877955,0.2240666666666666,0.0110459645723374,0.8095481181223954,0.8781897239112246,0.97082832,1.0
2,0.25,0.255,0.0039949968710876,0.2730666666666666,0.0119621625692569,0.8289523362426143,0.886472316355869,0.9698997866666668,1.0
2,0.3,0.3047333333333333,0.0010263202878893,0.3214666666666667,0.0065002564051992,0.8482750726090839,0.8945022734651354,0.96876032,1.0
2,0.35,0.3553333333333333,0.0033306655991458,0.3725333333333333,0.0075374619954818,0.8540810715450062,0.8953227012399977,0.9630281066666668,1.0
2,0.4,0.4037333333333333,0.0032145502536643,0.4172,0.0098772465798925,0.8457313627928116,0.8741021903505327,0.9476529066666668,1.0
2,0.45,0.4546666666666666,0.0088189190569668,0.4600666666666666,0.0147327300027297,0.7929098522099225,0.8026045685402545,0.8920052799999999,1.0
2,0.5,0.5024000000000001,0.0098974744253268,0.4821999999999999,0.0382972583875138,0.4861669585721073,0.466115895141421,0.47751424,1.0
3,0.0,0.0,0.0,0.0377333333333333,0.0172062004327897,0.0,,0.9776129598109,1.0
3,0.05,0.0517333333333333,0.0019629909152447,0.0831333333333333,0.0206391214283295,0.5706075420597213,0.8796369492021666,0.9767039186740236,1.0
3,0.1,0.1034,0.001,0.1328,0.0180033330247484,0.7028089862553567,0.8911994771942956,0.975597917595349,1.0
3,0.15,0.1542,0.0024979991993593,0.1747333333333333,0.0173393579273666,0.782574225135214,0.8817995911537921,0.9736872706326366,1.0
3,0.2,0.2061333333333333,0.0031005375877955,0.2178666666666666,0.0128098920109942,0.8282804351224483,0.8734401182880663,0.9719615096748172,1.0
3,0.25,0.255,0.0039949968710876,0.2584,0.0144374512986191,0.8589988895281309,0.8686228746761268,0.970563259976024,1.0
3,0.3,0.3047333333333333,0.0010263202878893,0.2947333333333333,0.0084007936133042,0.8855594101117239,0.8555710099619187,0.9689828798791846,1.0
3,0.35,0.3553333333333333,0.0033306655991458,0.3313333333333333,0.0065431898439013,0.9052417209016274,0.843628538730896,0.9658297777973992,1.0
3,0.4,0.4037333333333333,0.0032145502536643,0.3616666666666666,0.0055148284953689,0.9253173649419916,0.8287730827262947,0.963792381964422,1.0
3,0.45,0.4546666666666666,0.0088189190569668,0.3919999999999999,0.0066090846567433,0.9381985901737075,0.8090901212563072,0.9588496237524324,1.0
3,0.5,0.5024000000000001,0.0098974744253268,0.4198666666666666,0.0041968241961432,0.9394778995856932,0.785537799772373,0.9500925536540484,1.0
4,0.0,0.0,0.0,0.1216,0.0125107953384267,0.0,,0.9391635733333332,1.0
4,0.05,0.0517333333333333,0.0019629909152447,0.1551333333333333,0.0085049005481153,0.2825786941158201,0.8449665739520812,0.9382514133333334,1.0
4,0.1,0.1034,0.001,0.1954666666666666,0.0108486558307162,0.4494127036499493,0.8486620386195657,0.9369385066666668,1.0
4,0.15,0.1542,0.0024979991993593,0.2294,0.0109999999999999,0.5665727576521414,0.8421800610444818,0.9353353955555556,1.0
4,0.2,0.2061333333333333,0.0031005375877955,0.2633333333333333,0.0066161418767536,0.6488250914627712,0.8285272530177221,0.9330991822222222,1.0
4,0.25,0.255,0.0039949968710876,0.2968666666666666,0.0152332968635595,0.7093496181142834,0.824990091769379,0.9315658133333334,1.0
4,0.3,0.3047333333333333,0.0010263202878893,0.3233333333333333,0.0105039675043925,0.7592619585801937,0.8052950638363349,0.9290782755555554,1.0
4,0.35,0.3553333333333333,0.0033306655991458,0.3560666666666667,0.0052051256789181,0.7999225583140239,0.8015454334527768,0.92665408,1.0
4,0.4,0.4037333333333333,0.0032145502536643,0.3859999999999999,0.007219418259112,0.8251651530465939,0.7888240619238021,0.9220552355555556,1.0
4,0.45,0.4546666666666666,0.0088189190569668,0.4095333333333333,0.004437717130838,0.8559361539966366,0.771046005159787,0.9193286222222222,1.0
4,0.5,0.5024000000000001,0.0098974744253268,0.4344666666666666,0.0030615900008546,0.8735613153540357,0.755598899420161,0.9108720533333332,1.0
2,0.0,0.0,0.0,0.0001999999999999,0.0003464101615137,0.0,,0.9998578666666664,2.0
2,0.05,0.0517333333333333,0.0019629909152447,0.051,0.0019287301521985,0.9773754444587244,0.963441175035378,0.9998741333333332,2.0
2,0.1,0.1034,0.001,0.1031333333333333,0.0016772994167212,0.9813050714619604,0.9786601996054948,0.9998522666666668,2.0
2,0.15,0.1542,0.0024979991993593,0.1548,0.0038574603043971,0.9740879285346156,0.9776698761966616,0.99982144,2.0
2,0.2,0.2061333333333333,0.0031005375877955,0.2052666666666666,0.0035004761580866,0.9793606882681796,0.9752011297301602,0.9997822933333332,2.0
2,0.25,0.255,0.0039949968710876,0.2535333333333333,0.003700450423034,0.9825596686674556,0.9769308185555688,0.9996973333333332,2.0
2,0.3,0.3047333333333333,0.0010263202878893,0.3038,0.0018330302779823,0.983047388281692,0.9800543722801563,0.9996148266666668,2.0
2,0.35,0.3553333333333333,0.0033306655991458,0.3551999999999999,0.0042755116652863,0.9794141034904514,0.9790587096241694,0.9993592533333334,2.0
2,0.4,0.4037333333333333,0.0032145502536643,0.4040666666666667,0.0046704746368365,0.9655507602972868,0.9664341036045396,0.99604352,2.0
2,0.45,0.4546666666666666,0.0088189190569668,0.4539333333333333,0.01290632919669,0.8982049817862622,0.8969614735167529,0.9673619733333334,2.0
2,0.5,0.5024000000000001,0.0098974744253268,0.4789333333333332,0.0333168625973895,0.4783546869218657,0.4580007724196233,0.4654828266666667,2.0
3,0.0,0.0,0.0,0.0001333333333333,0.0002309401076758,0.0,,0.999950023454038,2.0
3,0.05,0.0517333333333333,0.0019629909152447,0.0507333333333333,0.0006110100926607,0.9895618563360048,0.9711072073390912,0.9999528235762426,2.0
3,0.1,0.1034,0.001,0.1018,0.0018330302779823,0.992861832886388,0.9774322249302762,0.99994192411375,2.0
3,0.15,0.1542,0.0024979991993593,0.1512666666666666,0.0042910760111344,0.9956422353446004,0.9765527853200356,0.9998781495055415,2.0
3,0.2,0.2061333333333333,0.0031005375877955,0.2014666666666666,0.0021939310229205,0.9976938094585152,0.9751728162527886,0.9998510506962732,2.0
3,0.25,0.255,0.0039949968710876,0.248,0.0029597297173897,0.9983972679822264,0.9710342897505312,0.999756339799322,2.0
3,0.3,0.3047333333333333,0.0010263202878893,0.2955333333333333,0.0037220066272554,0.9990855052583448,0.9689114022756778,0.9997561788790365,2.0
3,0.35,0.3553333333333333,0.0033306655991458,0.342,0.0054147945482723,0.9998014691284496,0.9622484989763702,0.9995696509254602,2.0
3,0.4,0.4037333333333333,0.0032145502536643,0.3845333333333333,0.0077468273075713,1.0,0.9524428634168972,0.9995601879760077,2.0
3,0.45,0.4546666666666666,0.0088189190569668,0.4258666666666666,0.0078136632467321,1.0,0.936803510904908,0.9991315371470434,2.0
3,0.5,0.5024000000000001,0.0098974744253268,0.4610666666666667,0.0078621455934963,0.9983945674920373,0.9165557025200942,0.9976930313169956,2.0
4,0.0,0.0,0.0,0.0050666666666666,0.0019731531449264,0.0,,0.9984369244444444,2.0
4,0.05,0.0517333333333333,0.0019629909152447,0.0553333333333333,0.0013316656236958,0.8682507186419793,0.928697604059923,0.9977010133333332,2.0
4,0.1,0.1034,0.001,0.1050666666666666,0.0021197484127446,0.9216379784864352,0.9362037691277534,0.9974640177777776,2.0
4,0.15,0.1542,0.0024979991993593,0.1537333333333333,0.0042723919920032,0.9473356922243792,0.9443014169349272,0.9972201244444444,2.0
4,0.2,0.2061333333333333,0.0031005375877955,0.2039333333333333,0.0048013886880082,0.9540642029488428,0.9437380962293228,0.9967920355555556,2.0
4,0.25,0.255,0.0039949968710876,0.2486,0.0075498344352707,0.9678266426646358,0.9432843607157227,0.9965354133333334,2.0
4,0.3,0.3047333333333333,0.0010263202878893,0.2936666666666667,0.0056047598818623,0.970403316779708,0.935018508950491,0.9959481066666666,2.0
4,0.35,0.3553333333333333,0.0033306655991458,0.3388,0.0049030602688525,0.9790157840616333,0.9334330666746672,0.9955356977777776,2.0
4,0.4,0.4037333333333333,0.0032145502536643,0.3802,0.0070738956735309,0.9792224206935568,0.9221185999974458,0.99432352,2.0
4,0.45,0.4546666666666666,0.0088189190569668,0.4210666666666666,0.0021007935008785,0.9851070823632908,0.9124486263087194,0.9943771733333334,2.0
4,0.5,0.5024000000000001,0.0098974744253268,0.4572666666666666,0.0020033305601755,0.9865799719256289,0.8982131339143833,0.9922888533333336,2.0
